ID_Horari,nom,hora_inici,hora_final
1,vhuckster0,9:42 PM,04:42 AM
2,glovitt1,8:45 AM,3:45 PM
3,tpatridge2,10:29 PM,5:29 AM
4,cfolke3,1:05 PM,8:05 AM
5,zstubbins4,5:23 AM,12:23 PM
6,wbatcheldor5,6:34 AM,1:31 AM
7,odedrick6,6:06 PM,9:46 PM
8,mwavell7,5:54 AM,7:52 AM
9,oharpur8,8:54 PM,1:17 PM
10,gwinslett9,11:14 AM,3:39 PM
11,ereginaa,5:51 PM,6:12 PM
12,fbausmannb,7:39 PM,4:19 AM
13,dpuckeyc,11:58 PM,9:12 AM
14,cmayalld,8:21 AM,10:25 AM
15,mrowelle,8:36 PM,4:48 AM
16,jphillerf,5:02 PM,4:42 AM
17,lderlg,4:15 AM,5:12 AM
18,woverellh,7:02 PM,12:22 PM
19,emcallesteri,5:27 AM,7:07 AM
20,slaxj,2:15 PM,5:54 PM
21,psweetingk,11:44 AM,9:11 PM
22,ffurlongel,3:25 AM,1:11 AM
23,sdudgeonm,3:34 PM,10:02 PM
24,amauvinn,9:57 PM,12:29 AM
25,anozzoliniio,3:56 AM,11:03 PM
26,jblakemorep,12:46 AM,7:42 AM
27,amedendorpq,12:22 AM,6:47 AM
28,fperor,5:35 AM,2:29 PM
29,ijenmans,4:41 PM,1:24 PM
30,pjulyt,8:57 PM,5:46 AM
31,bwabeyu,5:16 AM,8:35 AM
32,tbeedomv,12:54 PM,10:19 AM
33,wbarfieldw,6:15 PM,7:17 AM
34,espirax,11:41 AM,11:58 PM
35,gmccreey,5:42 AM,7:22 AM
36,ederisleyz,11:24 AM,12:30 PM
37,abenham10,11:49 AM,8:23 PM
38,tcoy11,7:56 PM,2:17 AM
39,lcunniffe12,10:12 AM,1:54 AM
40,mbushe13,1:44 PM,2:37 PM
41,tlow14,9:06 AM,3:42 AM
42,dcasterou15,11:05 AM,3:36 PM
43,bfouracres16,9:31 AM,1:08 PM
44,tbramelt17,11:55 PM,9:23 AM
45,kcouche18,10:55 AM,6:19 PM
46,klesurf19,8:09 AM,1:17 AM
47,gglover1a,2:01 PM,3:32 PM
48,aloveday1b,2:39 AM,5:01 PM
49,rfessions1c,11:30 AM,3:43 PM
50,cmacsporran1d,2:43 AM,12:06 AM
