adreça,ciutat,pais,codi_postal
94 Golf View Center,Fenghuang,China,
480 Nancy Place,Gryfów Śląski,Poland,59-620
73489 Texas Hill,Lyaskovets,Bulgaria,5145
5 Golf View Court,Chãos,Portugal,4640-301
773 Nelson Circle,Zhanghua,China,
3 Maryland Street,Guangfu,China,
64427 Buena Vista Park,Khairpur Nathan Shāh,Pakistan,79001
006 Upham Trail,Gweru,Zimbabwe,
41949 Summer Ridge Hill,Pingkai,China,
6 Comanche Drive,Souto,Portugal,4750-419
9823 Del Sol Plaza,Munduk,Indonesia,
7 Center Point,La Guacamaya,Honduras,
31 Hayes Plaza,Bachuan,China,
041 Heath Crossing,Redon,France,35605 CEDEX
2544 Mcguire Alley,Kali,Indonesia,
06 Caliangt Junction,Nueva Imperial,Chile,
952 Merry Circle,Manorom,Thailand,17110
5 Washington Road,Delingha,China,
15336 Bartelt Junction,Jocotán,Guatemala,20005
570 Thierer Court,Piggotts,Antigua and Barbuda,
41700 Paget Place,Gierałtowice,Poland,44-186
21 Fuller Plaza,Vilcún,Chile,
71 Pankratz Drive,Jalinan,Indonesia,
90522 Graceland Drive,Rosais,Portugal,9800-226
8786 Oak Valley Junction,Fermoy,Ireland,P61
59885 American Ash Terrace,Anda,Philippines,6311
7 Pleasure Way,Larap,Philippines,1748
994 Swallow Street,Al Baqāliţah,Tunisia,
4441 School Circle,Ossora,Russia,688700
23288 Huxley Trail,Marinići,Croatia,51216
8 Jenifer Parkway,Gotputuk,Indonesia,
19 Swallow Pass,Punta de Piedra,Venezuela,
864 West Crossing,Nijmegen,Netherlands,6539
5 Packers Road,Urus-Martan,Russia,366510
05 Lien Terrace,Kanoya,Japan,329-1117
6 Oneill Avenue,Manzë,Albania,
896 Harper Center,Chornomors’ke,Ukraine,
6812 Carpenter Street,Kālia,Bangladesh,7521
9189 Chinook Avenue,Niujiang,China,
9 Sheridan Place,Karangpawitan,Indonesia,
1733 Carey Court,Les Sables-d'Olonne,France,85109 CEDEX
53 Grim Crossing,Entebbe,Uganda,
05648 Vidon Circle,Jianli,China,
2 Michigan Street,Klishkivtsi,Ukraine,
43609 Corben Court,Rangmanten,Indonesia,
55630 Dryden Street,Kodamachō-kodamaminami,Japan,375-0054
3 Pepper Wood Pass,Mampong,Ghana,
24 Manufacturers Plaza,Huyuan,China,
453 Roth Parkway,Nong Phok,Thailand,45210
5 5th Pass,Lidköping,Sweden,531 36
989 Nobel Pass,Andrushivka,Ukraine,
38 Tomscot Trail,Goodlands,Mauritius,
5 Colorado Parkway,Serov,Russia,369273
208 Dwight Pass,San Marcelino,Philippines,2207
7 Stephen Trail,Saint-Égrève,France,38524 CEDEX
28 Becker Alley,Yonggu,China,
39231 Petterle Parkway,Espinillo,Argentina,3460
1 Toban Park,Garagoa,Colombia,152867
332 Buhler Parkway,Tianbao,China,
83384 Forest Dale Place,Huantuo,China,
3 Loeprich Center,São Lourenço,Brazil,37470-000
9850 Waubesa Park,Magisterial,Mexico,99750
4 Debra Park,Kitimat,Canada,V8C
8 Buell Trail,Jiutai,China,
4 Bluestem Junction,Ḩawf,Yemen,
64489 Swallow Center,Anfeng,China,
1414 Ronald Regan Center,Lidköping,Sweden,531 36
045 Declaration Parkway,Zhangxi,China,
035 Rockefeller Place,Quận Tân Phú,Vietnam,
88197 Lighthouse Bay Alley,Yangcun,China,
33006 Mifflin Street,Brovary,Ukraine,
0 Clemons Way,Ladysmith,Canada,V9G
0650 Londonderry Circle,Ying’ebu,China,
58 Dovetail Alley,Dagsar,China,
307 Bunting Street,Kadujajar,Indonesia,
379 Pleasure Street,Mondokan,Indonesia,
419 Vidon Parkway,Karsin,Poland,83-440
920 Commercial Trail,Carregueira,Portugal,2955-260
80 Meadow Valley Trail,Yola,Nigeria,
75656 Claremont Crossing,Asamankese,Ghana,
61338 Monterey Drive,Sabanalarga,Colombia,855058
72 Dakota Junction,Salerno,Italy,84135
825 Hayes Point,Bueng Khong Long,Thailand,34130
5051 Ridgeway Drive,Hendala,Sri Lanka,11830
63861 Namekagon Court,Marsa Alam,Egypt,
18138 Kropf Circle,Kortesjärvi,Finland,62421
11145 Northridge Circle,Palmas de Monte Alto,Brazil,46460-000
6 Hintze Terrace,Māsāl,Iran,
90321 Nelson Point,Hondo Valle,Dominican Republic,11512
46 Macpherson Pass,Solnechnoye,Russia,197738
53333 Forest Crossing,Talas,Kyrgyzstan,
90357 Killdeer Point,Boden,Sweden,961 19
1 Crescent Oaks Hill,Villa Consuelo,Dominican Republic,10309
2 Lyons Trail,Las Vegas,Venezuela,
569 Maywood Road,Erdaojiang,China,
680 Reinke Way,Masindi Port,Uganda,
9 American Road,Zhayang,China,
9 Crowley Place,Al Midyah,Palestinian Territory,
59 Schurz Plaza,Tarangnan,Philippines,6704
478 Annamark Drive,Nicola Town,Saint Kitts and Nevis,
52527 Carpenter Park,Chachoengsao,Thailand,30330
784 Derek Drive,Aravissós,Greece,
9 Dayton Trail,Banī Khaddāsh,Tunisia,
35 Northland Court,Borda da Mata,Brazil,37564-000
1 Upham Circle,Poissy,France,78304 CEDEX
05762 Hansons Road,Davyd-Haradok,Belarus,
7 Hoard Place,Annacotty,Ireland,E45
168 Dennis Plaza,Bourges,France,18934 CEDEX 9
50297 Lakeland Road,Jabat,Marshall Islands,96970
5649 Surrey Center,Sakata,Japan,979-1504
62 Prairieview Circle,Ash Shuyūkh,Palestinian Territory,
3 Ohio Plaza,Renxian,China,
9 Pine View Circle,Ravne,Slovenia,3504
7 Corry Place,Argel,Armenia,
56431 Farwell Alley,Dhī Nā‘im,Yemen,
9 Mcbride Road,Roa,Indonesia,
69855 Superior Center,Ilagan,Philippines,3300
629 Calypso Center,Talā,Egypt,
964 Cottonwood Park,Shuiquan,China,
60174 Wayridge Terrace,Ratchaburi,Thailand,84180
07435 Cottonwood Lane,Nangang,China,
5 Sunnyside Road,Amarillo,United States,79171
82 Tennyson Parkway,Yutsa,Russia,357380
14997 Ludington Plaza,Orléans,France,45063 CEDEX 2
6153 Truax Place,Moutnice,Czech Republic,664 55
200 Derek Avenue,Sarov,Russia,607189
87 Brickson Park Terrace,Xicheng,China,
9198 Sloan Trail,Xiaping,China,
69972 Everett Place,Copa,Peru,
7 Hanson Terrace,Villa Ojo de Agua,Argentina,5250
0 Stoughton Center,Zhongying,China,
678 Northridge Terrace,Palocabildo,Colombia,731587
03762 Waxwing Way,Arazane,Morocco,
91756 Pond Street,Kranjska Gora,Slovenia,4280
1230 Grayhawk Trail,Cafe,Philippines,5516
7 Lighthouse Bay Circle,Bradashesh,Albania,
51161 Dwight Alley,Tizgane,Morocco,
36148 Blackbird Way,Yunxi,China,
4906 Arrowood Court,Borek Wielkopolski,Poland,63-810
005 Green Ridge Plaza,Thị Trấn Quán Lào,Vietnam,
95464 Dixon Lane,Matsumoto,Japan,996-0051
51 Dennis Center,Moundou,Chad,
404 Tennyson Pass,Yanglin,China,
793 Dawn Pass,Avaré,Brazil,18700-000
32 Division Drive,Muñoz East,Philippines,5407
2010 Menomonie Lane,Olenyok,Russia,641023
899 Anzinger Trail,Zhouji,China,
787 Spenser Drive,Sovetsk,Russia,238758
3 Hoepker Terrace,Malanów,Poland,62-709
9 Little Fleur Parkway,Colonia Elía,Argentina,3261
4961 Karstens Alley,Yacimiento Río Turbio,Argentina,1649
66697 Burning Wood Court,Guanting,China,
05 Welch Plaza,Leshukonskoye,Russia,164670
2698 Arkansas Court,Kavadarci,Macedonia,1430
8286 Sutherland Center,Västerås,Sweden,723 35
206 Brentwood Trail,Namikupa,Tanzania,
8 Reinke Junction,Rumoi,Japan,518-0875
1758 Barnett Drive,Chichinales,Argentina,8326
8 Iowa Road,Huangben,China,
0 Loomis Alley,Wenquan,China,
881 Leroy Park,Hämeenkoski,Finland,16801
89 Sommers Terrace,Huishi,China,
0424 Eagle Crest Park,Jihlava,Czech Republic,586 01
100 Oak Court,Omiš,Croatia,21310
5 Dawn Trail,Obsza,Poland,23-413
6075 Briar Crest Alley,Baisangguan,China,
8049 Division Hill,Chupa,Russia,186670
46 Eagan Drive,Nizui,China,
7 Lakewood Road,Pasanggrahan,Indonesia,
27851 Utah Trail,Zambujeira,Portugal,2530-327
521 Grasskamp Circle,Fenchen,China,
05648 Tennyson Lane,Jenamas,Indonesia,
0 Northfield Street,Arcena Pequena,Portugal,2615-266
52153 Holmberg Pass,Baitu,China,
12659 Hallows Plaza,Stockholm,Sweden,120 01
6517 Everett Park,Veliki Preslav,Bulgaria,7740
75 Pond Lane,Jaru,Brazil,78940-000
8251 Cascade Hill,Magaria,Niger,
62 Hintze Crossing,Akita Shi,Japan,501-1235
79 Arkansas Crossing,Haokou,China,
72 Crowley Junction,Banjar Batanpoh,Indonesia,
304 Holmberg Center,Torre do Pinhão,Portugal,5060-569
74554 Alpine Park,Ikata-chō,Japan,796-8008
7523 Hollow Ridge Avenue,Randudongkal,Indonesia,
707 Village Green Crossing,Mosfilotí,Cyprus,
93 Monica Street,Al Ḩashwah,Yemen,
2628 Maple Wood Place,Houzhen,China,
27696 Homewood Lane,Juexi,China,
4 Hovde Street,San Quintin,Philippines,2808
24364 Wayridge Drive,Yangping,China,
97120 Eagle Crest Junction,Konin,Poland,62-510
52 Holy Cross Trail,Alhos Vedros,Portugal,2860-010
546 Porter Park,Jiapeng,China,
8 Stoughton Circle,Makilala,Philippines,9401
057 Autumn Leaf Way,Borovlyany,Belarus,
8865 Bashford Parkway,Mabini,Philippines,6313
6577 Mayer Alley,Mikhaylovsk,Russia,462401
9 Esch Junction,Tuopu Luke,China,
9259 Kingsford Place,Simimbaan,Philippines,4200
54586 Twin Pines Alley,Mariana,Brazil,35420-000
227 Jackson Alley,Rialma,Brazil,76310-000
8461 Donald Crossing,Göteborg,Sweden,404 32
249 Mallory Hill,Jelcz,Poland,91-864
7 Anniversary Point,Louny,Czech Republic,440 01
8 Little Fleur Parkway,Canchaque,Peru,
4889 Hollow Ridge Street,Esquipulas Palo Gordo,Guatemala,12027
22500 Vermont Park,Tofol,Micronesia,
15387 Warrior Center,Shatou,China,
55 Badeau Court,Rancagua,Chile,
391 Northridge Court,Loučovice,Czech Republic,382 76
83074 Cardinal Avenue,Platagata,Philippines,4807
4 Cody Crossing,Bogorame,Indonesia,
20 Russell Point,Sinop,Brazil,78550-000
2 Prairie Rose Crossing,Sindangsuka,Indonesia,
0 Manitowish Court,Guanqing,China,
35901 Blackbird Pass,Kampungbaru,Indonesia,
55364 Paget Pass,Pondohan,Indonesia,
09920 Brown Way,Skalbmierz,Poland,28-530
34191 Meadow Vale Crossing,Eskilstuna,Sweden,635 01
983 Oak Junction,Åstorp,Sweden,265 40
157 Vera Terrace,Ban Phue,Thailand,96130
8224 Susan Drive,Besançon,France,25004 CEDEX
08 Canary Center,Ferrol,Spain,15490
9992 Sachtjen Drive,Abreu e Lima,Brazil,53500-000
6156 Hayes Crossing,Mingoyo,Tanzania,
2816 Brentwood Park,Shishang,China,
72892 North Terrace,Franca,Brazil,14400-000
1019 Sutteridge Junction,Columbia,United States,29215
92 1st Road,Xilin,China,
90855 New Castle Parkway,Wanxian,China,
19550 Tony Parkway,Luoshanchuan,China,
176 Columbus Hill,Slunj,Croatia,47240
383 Erie Park,Wu’erbu Baolige,China,
9 Welch Terrace,Itamarandiba,Brazil,39670-000
0 Maryland Parkway,Wairinding,Indonesia,
9862 Buhler Street,At Tall al Kabīr,Egypt,
41747 Mandrake Place,Cifuentes,Cuba,
51 Walton Terrace,Tatarsk,Russia,632147
0 Pearson Point,Di Linh,Vietnam,
2 Sherman Alley,Pābna,Bangladesh,6602
5 Southridge Alley,Gaogongdao,China,
23 Huxley Street,Wengtian,China,
6746 Kenwood Trail,Pisão,Portugal,3220-331
12562 Dunning Drive,Morales,Colombia,134548
04 Grayhawk Point,Kokterek,Kazakhstan,
038 Hayes Trail,Angren,Uzbekistan,
52914 Starling Place,Visby,Sweden,621 22
08797 Troy Point,Aş Şanamayn,Syria,
5 Hoard Pass,Mölnlycke,Sweden,435 84
17814 Brown Avenue,El Calvario,Mexico,40417
07969 West Junction,Arbais,Indonesia,
77 Waywood Crossing,Burūm,Yemen,
765 Oak Terrace,Pasłęk,Poland,14-401
69 Hoepker Park,Schieren,Luxembourg,L-9184
84194 Warrior Lane,Klyetsk,Belarus,
43912 Fremont Plaza,Florencio Varela,Argentina,1888
67 Mallory Park,Simao,China,
79 Bultman Street,Pasar Kidul,Indonesia,
41 Forest Run Park,Progreso,Uruguay,
36724 Schiller Crossing,Kalávryta,Greece,
30197 John Wall Plaza,Uk,Russia,665114
763 Troy Street,Tambarangan,Indonesia,
71389 Browning Parkway,Itapetininga,Brazil,18200-000
5566 Hoffman Crossing,Pombal,Portugal,4620-261
1453 Burning Wood Street,La Habana Vieja,Cuba,
8604 Carpenter Alley,Newlands,South Africa,7700
06 Laurel Plaza,Täby,Sweden,183 15
78 Melody Point,Apt,France,84404 CEDEX
4000 Warbler Plaza,Villanova,Italy,29010
8 Packers Park,Briey,France,54154 CEDEX
37545 Lukken Crossing,Shanjiao,China,
12459 Garrison Center,Turpay,Peru,
56429 Vahlen Road,Shiqian,China,
79588 Park Meadow Hill,Al Ḩāmūl,Egypt,
2 Mayfield Drive,Al Wuday‘,Yemen,
28 Vernon Plaza,Cirangrang,Indonesia,
93 Melby Place,Kapuan,Indonesia,
9324 Mosinee Trail,Limbalod,Philippines,9407
69564 Talmadge Avenue,Songgang-dong,South Korea,
2074 Bartillon Parkway,Iwakuni,Japan,741-0062
346 Forest Run Hill,Kawęczyn,Poland,62-704
57 Hovde Hill,Lakatoro,Vanuatu,
32 Ilene Court,Long Xuyên,Vietnam,
16 5th Place,Śródmieście,Poland,05-090
54755 Lakewood Gardens Plaza,Pleven,Bulgaria,5885
370 Crowley Circle,Kungsbacka,Sweden,434 95
96 Crescent Oaks Place,Asahikawa,Japan,905-0003
585 Prentice Circle,Viçosa,Brazil,59815-000
258 Mcbride Street,Paris 03,France,75151 CEDEX 03
0 Arrowood Court,Hrib-Loški Potok,Slovenia,2390
04 Pepper Wood Street,Burgos,Philippines,8424
70702 Annamark Place,Bolderaja,Latvia,
4 Oxford Hill,Pelaya,Colombia,204047
271 Oneill Crossing,Esigodini,Zimbabwe,
304 Moland Street,Boquira,Brazil,46530-000
05 Westerfield Pass,Mangaldan,Philippines,2432
7 Kipling Pass,Sauga,Estonia,
6256 7th Place,Utara,Indonesia,
90 Vermont Park,Velykyy Klyuchiv,Ukraine,
463 Daystar Park,Rudnya,Russia,403602
5 Novick Plaza,Paris 12,France,75562 CEDEX 12
910 Northview Road,Chinhoyi,Zimbabwe,
1 Superior Avenue,Nonggunong,Indonesia,
55 Florence Way,Bull Savanna,Jamaica,
14985 Debs Junction,Waepana,Indonesia,
05 Schmedeman Place,Qarāwul,Afghanistan,
60762 Surrey Court,Yuty,Paraguay,
66 Lakeland Point,Jacupiranga,Brazil,11940-000
8 Donald Point,Buraen,Indonesia,
92233 Corry Plaza,Chlumec,Czech Republic,403 39
87 Dayton Alley,Mobara,Japan,964-0432
38205 Maple Parkway,Jicun,China,
42542 Forest Trail,Santarém,Portugal,2000-014
4400 Ludington Drive,San Julian,Bolivia,
60962 Glacier Hill Pass,Ḩalwān,Egypt,
5 Leroy Way,Bełsznica,Poland,44-362
1 Roth Point,Shijing,China,
61951 Autumn Leaf Circle,Parigi,Indonesia,
6 1st Terrace,Huayuan,China,
70514 Fieldstone Hill,Baiqiao,China,
3104 Prairie Rose Pass,Svilajnac,Serbia,
3195 Barnett Junction,Behābād,Iran,
9446 Parkside Lane,Wantian,China,
84 Arizona Road,Goim,Portugal,3700-871
7539 Farmco Road,Boleiros,Portugal,2495-313
62 Amoth Alley,Xingang,China,
982 Everett Hill,Ilmajoki,Finland,60801
52 Maywood Street,Owen Sound,Canada,N4K
51 Weeping Birch Place,Nyamanari,Gambia,
3804 Hoepker Alley,San Benito,Guatemala,17003
782 Gerald Street,Huaitu,China,
23 Beilfuss Place,Kokembang,Indonesia,
04699 John Wall Place,Linhu,China,
3 Oak Trail,Emmen,Netherlands,7824
563 Sommers Center,Vose’,Tajikistan,
16805 Springview Trail,Jiangshi,China,
640 Maryland Way,Maiac,Moldova,MD-4006
6533 Hintze Plaza,Fuerte,Philippines,2703
40357 Park Meadow Street,Carahue,Chile,
5597 Aberg Lane,Campok,Indonesia,
36407 Trailsway Way,Longbo,China,
25 Bluestem Plaza,Savyon,Israel,
5 Quincy Way,Karano,Indonesia,
3215 Eastlawn Park,Boituva,Brazil,18550-000
396 Scott Hill,Hamburg,Germany,21037
93133 Sheridan Avenue,Kofelē,Ethiopia,
861 Maple Wood Terrace,Ugba,Nigeria,
74309 Jackson Terrace,Santander,Spain,39080
6098 Columbus Parkway,Argivai,Portugal,4490-204
4073 Southridge Lane,Santa Cruz de Yojoa,Honduras,
788 New Castle Street,Tsushima,Japan,979-1757
34404 Darwin Parkway,Riachão do Jacuípe,Brazil,44640-000
89388 Ruskin Trail,Buea,Cameroon,
6 Southridge Terrace,Hefu,China,
5928 Dapin Point,Xichang,China,
038 Sunfield Street,Seixo,Portugal,3070-523
76 Messerschmidt Avenue,Kinlough,Ireland,F94
5209 Straubel Center,Songgai,China,
26993 Gerald Alley,Xicheng,China,
2573 Walton Drive,Stockholm,Sweden,114 24
0 Logan Parkway,Marintoc,Philippines,5401
8683 Raven Crossing,Qusar,Azerbaijan,
57228 Debra Center,Poretskoye,Russia,429020
25800 Farragut Trail,Solna,Sweden,169 05
42102 Messerschmidt Alley,Cerenti,Indonesia,
662 Wayridge Circle,Idfu,Egypt,
17 Ryan Road,Quilo-quilo,Philippines,4224
6 Bobwhite Circle,Erping,China,
1665 Evergreen Hill,Ţawr al Bāḩah,Yemen,
813 Riverside Terrace,Ra-ngae,Thailand,96130
7736 Main Pass,Nam Som,Thailand,41210
9 Cordelia Court,Zhaowanzhuang,China,
503 Northridge Circle,Panorama,Brazil,17980-000
54898 Dwight Pass,Bontang,Indonesia,
4765 Jenna Hill,Xinsheng,China,
8 Ryan Parkway,Amorim,Portugal,4495-103
93 Quincy Drive,Paços de Ferreira,Portugal,4590-170
57 Glendale Point,Tamaulipas,Mexico,89060
8876 Maryland Avenue,Tambopata,Peru,
664 Reinke Avenue,Catriel,Argentina,8307
53 Wayridge Avenue,Dengjiang,China,
32 Glendale Alley,Forbach,France,57609 CEDEX
56 Aberg Road,Leping,China,
24 Larry Plaza,Babahoyo,Ecuador,
1 Forest Run Street,Khairpur,Pakistan,67451
5455 Pine View Trail,Portumna,Ireland,V31
23408 Pearson Avenue,Yilan,Taiwan,
609 Kinsman Plaza,Skelleftehamn,Sweden,932 33
59 Sullivan Court,Korolëv Stan,Belarus,
32908 Bashford Place,Okinawa Número Uno,Bolivia,
5 Badeau Parkway,Zhangguanying,China,
57577 Dixon Point,Korhogo,Ivory Coast,
0713 Oneill Alley,Huaguo,China,
71 8th Plaza,Az Zarqā,Egypt,
40401 Center Terrace,Sindangbarang,Indonesia,
5985 Starling Junction,Suodenniemi,Finland,04501
2307 Prentice Crossing,Doujia,China,
68 Rigney Lane,Pruszcz Gdański,Poland,83-005
666 Onsgard Drive,Trinidad,Uruguay,
63178 Clarendon Trail,Pingding,China,
6 Golf View Hill,Tulsa,United States,74193
291 5th Terrace,Wencheng,China,
8551 Troy Way,Tabūk,Saudi Arabia,
688 Knutson Street,Port Sudan,Sudan,
6 Superior Street,Hinthada,Myanmar,
328 Truax Circle,Castelo,Portugal,4640-221
7077 Milwaukee Pass,Kouvarás,Greece,
89 Fuller Trail,La Virginia,Colombia,662007
98 Ruskin Park,Medan,Indonesia,
7 Marquette Street,Al Metlaoui,Tunisia,
59 Fair Oaks Drive,Hongde,China,
30 Maryland Center,Augustów,Poland,16-303
014 Mallory Parkway,Sajia,China,
837 Cherokee Junction,Saint Hubert,Mauritius,
9776 Michigan Place,Hannover,Germany,30453
48 Fieldstone Drive,Horki,Belarus,
8431 Vernon Trail,Wurigelebur,Indonesia,
11002 Dryden Plaza,Třinec,Czech Republic,739 94
76610 Summit Way,Caoyan,China,
803 Warbler Circle,Xunjian,China,
11400 Dottie Lane,Chifeng,China,
9320 Dawn Center,Sishiba,China,
3137 Cardinal Avenue,Ketian,China,
37929 Upham Hill,Tsyurupyns’k,Ukraine,
98 Melrose Crossing,Néa Filadélfeia,Greece,
07 Sycamore Pass,Sobreira,Portugal,5090-017
08 Ramsey Place,Mönsterås,Sweden,383 24
3805 Clarendon Trail,Saint-Julien-en-Genevois,France,74164 CEDEX
460 3rd Park,Altay,China,
0269 Grover Terrace,Linda Vista,Mexico,94475
6737 Dwight Way,Sezimovo Ústí,Czech Republic,391 02
5 Lake View Circle,Zhongzuiling,China,
6061 Debs Center,Fukumitsu,Japan,830-0114
0 Anhalt Junction,Iporã,Brazil,87560-000
5 Southridge Pass,Nelahozeves,Czech Republic,277 51
4508 Homewood Center,Casisang,Philippines,1109
98 Service Pass,Matagbak,Philippines,9504
2 Maryland Place,Palmira,Colombia,763547
30 Rieder Center,Dagu,China,
9 Melvin Point,Sanhui,China,
634 Burrows Hill,Nazaré,Portugal,2450-104
79218 Miller Trail,Komorní Lhotka,Czech Republic,739 53
5 Colorado Hill,Serra,Portugal,4575-069
08913 Russell Plaza,Ishiki,Japan,957-0353
40 Ridgeway Alley,Dongshan,China,
28 Di Loreto Court,Pangani,Tanzania,
10 Wayridge Trail,Kizema,Russia,165262
69 Roxbury Parkway,Karangsari,Indonesia,
2 Pine View Avenue,Kiarajangkung,Indonesia,
495 Redwing Place,Seso,Indonesia,
4781 Buhler Avenue,Sakai,Japan,999-2256
0 Butterfield Place,Zarzis,Tunisia,
64 Bultman Drive,Durazno,Uruguay,
1 Crowley Point,Dinan,France,22104 CEDEX
91459 Esch Place,El Valle del Espíritu Santo,Venezuela,
38836 Charing Cross Place,Terara,Indonesia,
14732 Buhler Way,Sa Bot,Thailand,15240
4 West Circle,Annotto Bay,Jamaica,
0 Quincy Plaza,Hikone,Japan,526-0826
695 Vera Way,Languan,China,
32 Bluejay Avenue,Liulang,China,
416 Granby Trail,Fray Bentos,Uruguay,
74 Parkside Pass,Putrajaya,Malaysia,62652
093 Calypso Circle,Bykivka,Ukraine,
89 7th Center,Peruíbe,Brazil,11750-000
6314 Mccormick Crossing,Charagua,Bolivia,
16 Arizona Plaza,Montfavet,France,84147 CEDEX
7463 Corben Hill,Keroak,Indonesia,
5926 Stoughton Pass,Anzihao,China,
39 Northport Street,Tena,Ecuador,
6 Norway Maple Road,Lisiy Nos,Russia,197755
6048 Pearson Lane,Okcheon,South Korea,
1 Sugar Parkway,Alor Setar,Malaysia,05516
10 John Wall Way,København,Denmark,1430
290 Cardinal Avenue,Zliten,Libya,
7317 Sauthoff Road,Donnycarney,Ireland,D17
5 Hoepker Court,Lhakangtang,China,
43254 Fallview Hill,Bardīyah,Libya,
9301 Magdeline Point,Dama,China,
12747 Oak Trail,Ust’-Labinsk,Russia,385321
2285 Kedzie Terrace,Quy Đạt,Vietnam,
5 Havey Plaza,At Tawāhī,Yemen,
953 Cordelia Drive,Pulau Pinang,Malaysia,10512
48 International Alley,Shichuan,China,
4812 Stephen Road,Sorol,Micronesia,
2003 Brown Parkway,Sedatiagung,Indonesia,
15 South Center,Nakanojōmachi,Japan,377-0816
6 Lukken Center,Medvezh’yegorsk,Russia,186352
3711 Prairieview Alley,Üydzen,Mongolia,
468 Vera Lane,Shenavan,Armenia,
622 Dahle Way,Oster,Ukraine,
9 Mcbride Court,Sukamaju,Indonesia,
8735 Crowley Terrace,Noebesa,Indonesia,
460 Dayton Road,Tādif,Syria,
5 Surrey Alley,Realeza,Brazil,85770-000
7687 Old Gate Pass,Lom Kao,Thailand,67120
01 Kedzie Drive,Al Ḩayfah,Yemen,
5 Fair Oaks Way,Angochi,Aruba,
7791 Arizona Way,Kaminoyama,Japan,988-0413
0 Claremont Park,Yuanbao,China,
7268 Canary Alley,Rusip,Indonesia,
4 Garrison Place,Xiumei,China,
70 Dryden Point,Damu,China,
401 Morrow Pass,Na'ale,Israel,
0 Sunfield Drive,Korolevo,Ukraine,
40 Emmet Circle,Trudobelikovskiy,Russia,353810
08321 Evergreen Pass,Bagani,Namibia,
51 Crest Line Center,Kaiyuan,China,
0144 Stang Center,Bangbayang Kaler,Indonesia,
6751 Lawn Point,Anrong,China,
84 Transport Parkway,Kota Bharu,Malaysia,15572
7591 Gale Center,Lengkong,Indonesia,
93119 Thompson Circle,Sadkowice,Poland,96-206
36418 Beilfuss Avenue,Yuewan,China,
5124 Columbus Trail,Shushi,Azerbaijan,
46 Acker Terrace,Desa Wetan Ciakar,Indonesia,
9548 Ryan Crossing,Daogao,China,
8065 Hovde Terrace,Łaziska Górne,Poland,43-173
12 Heffernan Point,Cinyawar,Indonesia,
69 Grayhawk Junction,Qijiang,China,
7 Redwing Park,San Diego,United States,92110
0 Moose Court,Nangka,Indonesia,
8872 Continental Circle,Capalayan,Philippines,8404
5 Old Shore Circle,Zhourui,China,
6742 Ronald Regan Circle,Senhor do Bonfim,Brazil,48970-000
94 Hoepker Street,Kuznechikha,Russia,416507
64258 Arrowood Avenue,Zhaowanzhuang,China,
27602 Lakewood Center,Xin’an,China,
25 Lakewood Point,San Luis Jilotepeque,Guatemala,21003
3512 Marquette Center,Gracias,Honduras,
86 Pepper Wood Center,Cesvaine,Latvia,
03 Reindahl Place,San Rafael,Philippines,5039
3847 Springview Center,Gaoua,Burkina Faso,
04 Corscot Terrace,Yangtan,China,
277 Dapin Alley,Otuke,Uganda,
074 Ramsey Drive,Suozhen,China,
8 Gale Parkway,Privolzhskiy,Russia,413138
6241 West Pass,Tres Unidos,Peru,
507 Stuart Point,Vale de Figueira,Portugal,5120-463
9023 Anhalt Street,Ghār al Milḩ,Tunisia,
40095 Tomscot Trail,Santo Antônio de Pádua,Brazil,28470-000
648 Spenser Pass,Aquitania,Colombia,152429
59 Clyde Gallagher Road,Capitán Solari,Argentina,3515
95 Burrows Circle,Yubileynyy,Russia,618284
907 Farwell Circle,Gorichevo,Bulgaria,7337
18 Ludington Alley,Asan,South Korea,
1523 4th Junction,Santa Bárbara,Guatemala,13010
70 Gale Center,Ambelón,Greece,
99 Hayes Crossing,Ostankinskiy,Russia,901993
8 Browning Avenue,Daitōchō,Japan,579-8066
60 Lakeland Plaza,Delcevo,Macedonia,2320
5 Bonner Court,Gapuk,Indonesia,
34 Huxley Plaza,Neresnytsya,Ukraine,
9 Harper Center,Nāḩiyat as Sab‘ Biyār,Syria,
75509 Kim Court,Huomachong,China,
08376 Johnson Way,Genzi,China,
5 Susan Crossing,Rasshevatskaya,Russia,356012
33127 Golf Plaza,Kristiansand S,Norway,4610
81219 Coolidge Court,Pouso Alegre,Brazil,37550-000
3640 Esker Way,Larvik,Norway,3260
3 Cascade Terrace,Sarrebourg,France,57404 CEDEX
5262 Chive Parkway,Meijiang,China,
7165 Prentice Terrace,Desa Werasari,Indonesia,
5 Service Avenue,Kivijärvi,Finland,43800
67529 Mockingbird Terrace,Fushan,China,
0507 Sunbrook Hill,Wilamowice,Poland,43-330
392 Bluejay Alley,Mirebalais,Haiti,
032 Dryden Way,Wonokerso,Indonesia,
5541 Trailsway Lane,Kingersheim,France,68264 CEDEX
67378 Nancy Road,Gubkinskiy,Russia,427275
15 Shelley Circle,Guadalupe Victoria,Mexico,30414
7 Comanche Pass,Lương Bằng,Vietnam,
21 Sunnyside Point,Osypenko,Ukraine,
98625 Monica Road,Mount Darwin,Zimbabwe,
0534 8th Crossing,Juḩr ad Dīk,Palestinian Territory,
62175 Anderson Lane,Kyenjojo,Uganda,
723 Hallows Court,Cihe,China,
69348 Mifflin Alley,Enschede,Netherlands,7504
3232 Grasskamp Junction,Kandana,Sri Lanka,11320
77709 Eagan Alley,Utmānzai,Pakistan,69001
69362 Comanche Junction,Brodósqui,Brazil,64222-000
1000 Talisman Road,Savski Venac,Serbia,
4403 Meadow Ridge Street,Smederevo,Serbia,
24 Old Shore Point,Rozvadov,Ukraine,
85057 Bartelt Drive,Montecarlo,Argentina,3384
64 Butterfield Center,Changtan,China,
4148 Steensland Plaza,Paris 01,France,75038 CEDEX 01
7252 Oxford Parkway,Gōdo,Japan,503-2429
2637 Porter Drive,Kamiiso,Japan,501-0531
2390 Paget Alley,Pavlogradka,Russia,646760
4950 Onsgard Junction,Dubá,Czech Republic,471 41
17997 Bashford Lane,Pangpang,Philippines,3008
9 Village Green Drive,Pomiechówek,Poland,05-180
48377 Sutteridge Crossing,München,Germany,80995
190 Acker Crossing,Komaki,Japan,959-1226
3344 Fieldstone Lane,Kostryzhivka,Ukraine,
390 Main Drive,Nangxian,China,
918 Banding Parkway,Hedaru,Tanzania,
233 Pine View Trail,Hoima,Uganda,
48 Prairie Rose Terrace,Cherepovets,Russia,162674
55 Arizona Point,Ballina,Ireland,F26
298 Washington Place,Askim,Sweden,436 23
06 Acker Trail,Padej,Serbia,
264 Moulton Way,Longotea,Peru,
5 Mockingbird Alley,Xinzhou,China,
0 Bayside Park,La Coipa,Peru,
7 Mallory Court,Burirao,Philippines,9222
7 Hudson Lane,Arcena Pequena,Portugal,2615-266
02678 Dawn Point,Mesopotamía,Greece,
98856 Golf View Drive,Huanshan,China,
639 Fair Oaks Way,Douane,Tunisia,
71 Bobwhite Avenue,Los Angeles,Mexico,81426
271 Gerald Circle,Voskresenskoye,Russia,606735
22031 Anniversary Way,Mercier,Canada,J6R
19492 Fairfield Alley,Şafwá,Saudi Arabia,
3 Forster Road,Pimenta Bueno,Brazil,78984-000
3 Karstens Hill,Rattanaburi,Thailand,85120
16 Dapin Court,Pamoyanan,Indonesia,
64441 Johnson Way,La Agustina,Dominican Republic,10516
7 Kenwood Court,Ketanen,Indonesia,
9194 Mccormick Crossing,Telagasari,Indonesia,
05785 Morning Pass,Panoongan,Indonesia,
6859 Ridge Oak Avenue,Juhut,Indonesia,
03 Gerald Street,Kurlovo,Russia,601570
6 Eastlawn Court,El Quetzal,Guatemala,12020
8262 Bowman Circle,Verkhniy Kurkuzhin,Russia,361515
8853 Farragut Terrace,Conceição do Coité,Brazil,48730-000
492 Anhalt Road,Vale de Touros,Portugal,2950-137
36 Parkside Alley,Mongu,Zambia,
58 Lighthouse Bay Road,Ursk,Russia,242467
93 John Wall Pass,Trafaria,Portugal,2825-843
150 Manufacturers Road,Kapotnya,Russia,140093
7098 Dixon Way,Sukamulya,Indonesia,
031 Stuart Lane,Hassi Berkane,Morocco,
4140 Weeping Birch Point,Beaufort,United States,29905
40 Northland Drive,Estaca,Philippines,1123
0 Pennsylvania Circle,Douba,China,
6379 Di Loreto Terrace,Tha Bo,Thailand,43110
106 International Parkway,28 de Noviembre,Argentina,9407
22 Amoth Junction,Kaparéllion,Greece,
9 Sommers Drive,Žihle,Czech Republic,331 65
21 Truax Crossing,Hegarmulya,Indonesia,
771 Bashford Plaza,Yima,China,
29 Amoth Parkway,Apoya,Philippines,2304
9292 Gina Crossing,Canavieiras,Brazil,45860-000
51 Myrtle Lane,Norashen,Armenia,
2 Scott Way,Kalumpang,Indonesia,
4689 Chinook Court,Palencia,Guatemala,01054
717 Lake View Way,Solna,Sweden,171 43
94 Fisk Junction,Mbinga,Tanzania,
246 Huxley Terrace,Agen,France,47912 CEDEX 9
5 Anthes Street,Kabuynan,Philippines,8311
60073 Derek Alley,København,Denmark,1567
565 Dorton Crossing,Zhongfan,China,
21 Messerschmidt Crossing,Duque de Caxias,Brazil,25000-000
487 Ludington Park,Semeljci,Croatia,31402
3 Farragut Parkway,Jinhaihu,China,
8497 Marquette Crossing,Bộc Bố,Vietnam,
754 Loeprich Crossing,Castelo,Portugal,3620-132
831 Pine View Court,José Bonifácio,Brazil,15200-000
054 Monterey Park,Melíssi,Greece,
40104 Erie Crossing,Neofbaun,Indonesia,
4 Burning Wood Point,Yuexi,China,
802 Sullivan Lane,Ḩammām Damt,Yemen,
40520 Loomis Way,Kohāt,Pakistan,26301
5 Holmberg Trail,Patalan,Indonesia,
5 Pankratz Court,Novoderevyankovskaya,Russia,353710
99513 Westerfield Park,Ryazan’,Russia,390507
49916 Marquette Avenue,Huangpo,China,
278 Delaware Circle,Rancho Viejo,Mexico,39965
108 West Center,Santa Helena de Goiás,Brazil,75920-000
2 Summit Parkway,Maoping,China,
384 Welch Place,Pakemitan,Indonesia,
25 Annamark Parkway,Fagatogo,American Samoa,96799
908 Hanson Pass,Maldonado,Uruguay,
26886 Declaration Crossing,Jūrat ash Sham‘ah,Palestinian Territory,
4662 Jana Junction,Bilaran,Philippines,4216
90709 Havey Parkway,Brejo da Madre de Deus,Brazil,55170-000
3 Kennedy Place,Ludza,Latvia,
0 Nelson Terrace,Yandang,China,
6239 Erie Center,Mulhouse,France,68064 CEDEX 3
2 Manley Lane,Bosanski Brod,Bosnia and Herzegovina,
5 Northview Street,Guyancourt,France,78280
23381 Summerview Avenue,Arnaía,Greece,
1 Algoma Plaza,An Nāşirīyah,Iraq,
98 Forster Road,Bum Bum,Venezuela,
96 Park Meadow Park,Linhu,China,
6393 Brentwood Place,Changpo,China,
1615 Granby Way,Providence,United States,02912
778 Summer Ridge Hill,Nong Muang,Thailand,15170
67 Merry Plaza,Tuam,Ireland,H54
88 La Follette Drive,San Jerónimo,Guatemala,15007
67 Gateway Park,Strasbourg,France,67200
647 Darwin Street,Alfenas,Brazil,37130-000
84 Morrow Circle,Pecatu,Indonesia,
7 Straubel Road,Ede,Netherlands,6714
3 Summerview Drive,Chervone,Ukraine,
92288 Esch Point,Thanh Khê,Vietnam,
7507 Susan Crossing,Gunung Timur,Indonesia,
0 Daystar Trail,Vila Velha de Ródão,Portugal,6030-006
6228 Susan Alley,Köpingsvik,Sweden,387 95
27 Manley Avenue,Czerwin,Poland,07-407
83121 Twin Pines Terrace,Yanshang,China,
1584 Del Sol Center,Piraju,Brazil,18800-000
14503 8th Drive,Plaju,Indonesia,
0655 Kennedy Park,Wuxiang,China,
25895 Anderson Trail,Estribeiro,Portugal,2580-444
05514 Vahlen Hill,Buerarema,Brazil,45615-000
18897 North Street,Paris 16,France,75778 CEDEX 16
7843 Bultman Hill,Eldoret,Kenya,
0233 Cordelia Alley,Lere,Nigeria,
3 Forest Dale Way,Ribeiro,Portugal,4520-712
4 Atwood Avenue,Hexi,China,
8280 Del Mar Center,Solor,Indonesia,
07 Northland Park,Zhoujia,China,
696 Marquette Alley,Dadukou,China,
5 Carey Center,Lapi,Philippines,5307
1452 Fremont Pass,Matanzas,Dominican Republic,11904
39 Evergreen Street,Ikata-chō,Japan,796-8008
8 Delaware Terrace,Leśna Podlaska,Poland,21-542
1254 Cody Crossing,Lingsar,Indonesia,
43897 Goodland Terrace,Estefania,Philippines,3505
78 Hollow Ridge Terrace,Jelsa,Croatia,21465
8 Messerschmidt Crossing,Wielki Kack,Poland,80-174
885 Hooker Pass,Vilela,Portugal,4580-634
3811 Dovetail Terrace,Shādegān,Iran,
1 Everett Court,Yandian,China,
817 Clarendon Lane,Luče,Slovenia,3334
05171 Manley Pass,Dokolo,Uganda,
112 Bonner Court,Sievi,Finland,85410
5 Hagan Junction,Ndibène Dahra,Senegal,
181 Becker Park,La Bélgica,Bolivia,
6250 Lakewood Drive,Divo,Ivory Coast,
7225 Starling Lane,Orivesi,Finland,35301
83397 Onsgard Alley,Antas,Portugal,3630-014
0384 Scoville Point,Emiliano Zapata,Mexico,62984
350 Lukken Junction,Puncaksempur,Indonesia,
323 Goodland Crossing,Dziadkowice,Poland,17-306
84203 Oak Valley Way,Krotoszyn,Poland,63-702
632 Jay Terrace,Srostki,Russia,659375
0429 Buhler Way,Ushumun,Russia,676135
64159 Randy Plaza,Shadili,China,
4548 Hooker Road,Mungo,Philippines,2102
64358 Schlimgen Hill,Aknīste,Latvia,
21331 Graedel Road,Paucar,Peru,
76095 Bultman Parkway,Nyköping,Sweden,611 81
11 Knutson Circle,Ngrejo,Indonesia,
0592 Rutledge Plaza,Kumla,Sweden,692 24
5857 Pine View Road,Thị Trấn Phù Yên,Vietnam,
845 Nova Pass,Banjar Pande,Indonesia,
794 Logan Terrace,Stari Bar,Montenegro,
8 Longview Hill,Arnaía,Greece,
13219 Raven Pass,Kihniö,Finland,39820
62 Southridge Park,Áno Kalentíni,Greece,
3 Hagan Avenue,Ashtarak,Armenia,
6227 Sherman Point,Kalepasan,Indonesia,
760 Lake View Crossing,Girardot,Colombia,252437
806 Leroy Parkway,Przystajń,Poland,42-141
6 Eastwood Way,Foúrnoi,Greece,
5 Evergreen Court,Bor,Russia,606448
64579 Lukken Center,Ochër,Russia,617140
7 1st Drive,Daxing,China,
0005 Shopko Trail,Karangbalong,Indonesia,
801 Tony Street,Rennes,France,35033 CEDEX 9
2831 Barnett Circle,Ilinden,Macedonia,1041
5 Pearson Pass,El Águila,Colombia,762008
9928 Bonner Way,Myronivka,Ukraine,
5782 Magdeline Plaza,Dahewan,China,
8777 Arizona Street,Tumbes,Peru,
2 Holy Cross Avenue,Visby,Sweden,621 85
4112 Ryan Place,Kamieniec Wrocławski,Poland,55-002
38 Hermina Hill,Pucón,Chile,
80 Graedel Lane,White City,Canada,P0W
7543 Dennis Alley,Suqiaoxiang,China,
37733 Westerfield Way,Ţalkhā,Egypt,
4 Lighthouse Bay Park,Urambo,Tanzania,
7109 Mosinee Parkway,Igreja,Portugal,5100-825
4172 Clarendon Lane,Juiz de Fora,Brazil,36000-000
875 Toban Park,Lučko,Croatia,10250
6315 Autumn Leaf Road,Marisgama,Indonesia,
7 Pepper Wood Place,Wenqiao,China,
47276 Park Meadow Drive,Nglego,Indonesia,
130 Truax Plaza,El Coco,Panama,
35594 Burning Wood Junction,Cibodas,Indonesia,
100 Tennessee Avenue,Paris 19,France,75949 CEDEX 19
8 Kinsman Center,Dingzigu,China,
62 Crowley Junction,Passo Fundo,Brazil,99000-000
98 6th Point,Kurbnesh,Albania,
99341 Grover Terrace,Mapinrea,Indonesia,
81810 Manufacturers Lane,Lanxi,China,
280 Memorial Hill,Mahates,Colombia,131048
197 Amoth Hill,Kembangkerang Lauk Timur,Indonesia,
7 Derek Point,Culianin,Philippines,7209
586 Schurz Trail,Nhà Bè,Vietnam,
42 Warrior Drive,Hveragerði,Iceland,810
1 Del Sol Parkway,Magisterial,Mexico,92934
5711 Morrow Parkway,Manwakh,Yemen,
456 Schurz Circle,Zárate,Argentina,3423
8690 Portage Terrace,La Huerta,Mexico,53338
5 Harbort Center,Askim,Norway,1808
28 Butterfield Trail,Bayanhongor,Mongolia,
02173 Thackeray Point,Yur’yev-Pol’skiy,Russia,601800
2299 Debs Crossing,Pahonjean,Indonesia,
32585 Logan Plaza,Embalse,Argentina,5856
8 Reinke Terrace,Dzhiginka,Russia,356830
614 Transport Lane,Malāyer,Iran,
7 American Ash Hill,Tbêng Méanchey,Cambodia,
21635 Swallow Junction,Khairpur Nathan Shāh,Pakistan,79001
89 Huxley Drive,Al Wardānīn,Tunisia,
1 Menomonie Court,Tangjiakou,China,
0682 Hanover Point,Jinhua,China,
9948 Heath Alley,Strasbourg,France,67928 CEDEX 9
96097 Pine View Crossing,Baojia,China,
5470 Towne Plaza,Foz do Iguaçu,Brazil,85850-000
464 Fairfield Point,Filótion,Greece,
89134 Talmadge Plaza,Greystones,Ireland,A63
7 Garrison Lane,Grivenskaya,Russia,353798
455 Butterfield Junction,Ban Huai Thalaeng,Thailand,30240
77 Claremont Road,Grybów,Poland,33-330
14219 Anhalt Point,Raszków,Poland,63-440
3297 Upham Lane,Yunga,Peru,
87803 Bonner Crossing,Panghadangan,Indonesia,
87953 Lukken Court,Shuikou,China,
764 Mayfield Terrace,Quşrah,Palestinian Territory,
3 Carioca Plaza,Petaling Jaya,Malaysia,46791
3755 Debra Way,Pangani,Tanzania,
3 Oxford Parkway,Prévost,Canada,T7Z
31083 Sachtjen Road,"Coruña, A",Spain,15190
93930 Heffernan Trail,Tanahmerah,Indonesia,
025 Lotheville Junction,Yélimané,Mali,
7 Toban Circle,Condado,Cuba,
2730 4th Street,Iganga,Uganda,
8 Harper Circle,Zevenaar,Netherlands,6904
55378 Sherman Lane,Sovetskaya Gavan’,Russia,682803
165 Schurz Court,Shchuchin,Belarus,
28170 Buhler Street,Capayán,Argentina,4726
230 Esker Parkway,Пласница,Macedonia,6539
0 Muir Trail,Rancamaya,Indonesia,
975 Rieder Parkway,Šluknov,Czech Republic,407 77
7000 Quincy Park,Kranj,Slovenia,4600
3 Merry Drive,Pasiripis,Indonesia,
478 Rigney Place,Orsha,Belarus,
97 Atwood Way,Ardee,Ireland,V94
6 Sycamore Drive,Tabug,Philippines,2905
881 Glacier Hill Avenue,Wasior,Indonesia,
0870 Waywood Court,Laslovo,Croatia,31214
67512 Summit Trail,Chulakivka,Ukraine,
2 Crest Line Parkway,Jishi,China,
549 Londonderry Crossing,La Hacienda,Philippines,1751
49 Utah Court,Odoyev,Russia,301440
7 Thackeray Trail,Chengdong,China,
85627 Autumn Leaf Road,Santo Amaro,Portugal,5155-655
95499 South Trail,Jednorożec,Poland,06-323
4 Helena Plaza,Tabon,Philippines,6710
86933 2nd Trail,Āgaro,Ethiopia,
45654 Barnett Pass,Kelaniya,Sri Lanka,11600
14491 Duke Pass,Pardelhas,Portugal,3870-207
88 Lakewood Hill,La Rochelle,France,17044 CEDEX 1
4143 Chive Center,Ganggawang,Indonesia,
30997 Grim Crossing,Peimei,China,
3 Pine View Junction,Jabranti,Indonesia,
2866 Twin Pines Parkway,Tigpalay,Philippines,4600
77127 Bunting Place,Qulsary,Kazakhstan,
0 Algoma Road,Kuala Lumpur,Malaysia,50672
44424 Brown Road,Wenfu,China,
6634 Dennis Place,Saint-Étienne,France,42014 CEDEX 2
89187 Lotheville Road,Nam Som,Thailand,41210
23 Anthes Circle,Jiuxian,China,
5 Killdeer Junction,Onega,Russia,164896
0870 Beilfuss Avenue,Ejmiatsin,Armenia,
92359 Hoffman Place,Petaling Jaya,Malaysia,46675
53 Sundown Plaza,Kangdong-ŭp,North Korea,
50 Old Gate Circle,Yanchi,China,
4 Orin Plaza,Linköping,Sweden,582 02
3403 Rusk Terrace,Varāmīn,Iran,
37229 Northland Junction,Irricana,Canada,B3T
2809 Manufacturers Circle,Shatrovo,Russia,641960
99 Golden Leaf Trail,Ressano Garcia,Mozambique,
33747 Springs Way,Ōgaki,Japan,503-2429
6 Melrose Hill,Orsha,Belarus,
506 Fuller Point,Ma’an,China,
94773 Gale Crossing,Manukaka,Indonesia,
8369 Grim Trail,Pontivy,France,56309 CEDEX
73 Dorton Way,Sincelejo,Colombia,700017
32371 International Point,Podsineye,Russia,655670
6 Memorial Trail,Bolderaja,Latvia,
5485 Annamark Street,Kafr Miṣr,Israel,
74739 Lindbergh Center,Guzhan,China,
7598 Mariners Cove Street,Thị Trấn Mường Khến,Vietnam,
67 Iowa Trail,Shnogh,Armenia,
2 Grasskamp Circle,Ilare,Nigeria,
22 Melvin Circle,Sicheng,China,
85 Superior Alley,Alimono,Philippines,7005
0 Carey Terrace,Toledo,United States,43615
04 Sugar Crossing,Ronneby,Sweden,372 34
31 Canary Pass,Polo,Philippines,1444
0868 Waywood Place,Lantian,China,
7 Bobwhite Plaza,Oliveira do Conde,Portugal,3430-345
4 Shopko Drive,Registro,Brazil,11900-000
42968 Arkansas Center,Čajetina,Serbia,
86728 Namekagon Parkway,Gryfino,Poland,74-101
0128 Mosinee Park,Kasamatsuchō,Japan,504-0968
3228 Michigan Drive,Qinling Jieban,China,
65806 Grasskamp Alley,Cikembang,Indonesia,
44 Dexter Avenue,Aliaga,Philippines,3111
1 Harper Pass,Alcantara,Philippines,5509
1865 Elmside Circle,Sirte,Libya,
1469 Johnson Place,Round Rock,United States,78682
646 Pine View Lane,Pervomayskoye,Russia,188855
0912 Dovetail Way,Tegalrejo,Indonesia,
442 Bunting Road,Bąków,Poland,46-233
3 Marcy Crossing,Bastia,France,20414 CEDEX 9
36501 Tomscot Trail,Panjiang,China,
41 Mosinee Center,Syracuse,United States,13205
49 Moulton Point,Xinglongchang,China,
0366 Weeping Birch Street,Kontiolahti,Finland,81101
839 Orin Place,Zhongxing,China,
6962 Briar Crest Lane,Tielu,China,
42085 Sherman Alley,Huashi,China,
8867 Menomonie Pass,Anahawan,Philippines,6610
828 Express Alley,Matou,China,
64840 Dexter Place,Pilar,Philippines,8420
01 Clarendon Court,Rizal,Philippines,7104
0259 Vermont Street,Portelinha,Portugal,4630-526
504 Artisan Point,Buutuo,Liberia,
33969 Steensland Park,Hengshan,China,
5394 Schlimgen Avenue,Digne-les-Bains,France,04016 CEDEX
6412 7th Trail,Eha Amufu,Nigeria,
343 Fair Oaks Plaza,Zhaoqing,China,
698 Declaration Court,Tsybulevka,Ukraine,
38499 Tony Circle,Hedi,China,
653 Pond Trail,Alquerubim,Portugal,3850-312
812 Wayridge Terrace,Neepawa,Canada,H3Z
9110 Nova Center,Bumirejo,Indonesia,
942 Gateway Point,Älvängen,Sweden,446 38
934 Russell Plaza,Mambi,Indonesia,
537 Annamark Drive,Bŭka,Uzbekistan,
505 Commercial Pass,Tempaling,Indonesia,
75735 Superior Parkway,Tomingad,Philippines,5505
7 Hanson Place,Nonohonis,Indonesia,
018 Jenna Point,Sale,Indonesia,
57 Barby Hill,Perivóli,Greece,
54 Havey Point,Achiras,Argentina,3246
460 Texas Crossing,Shar,Kazakhstan,
7982 Toban Center,Uthai,Thailand,13210
56124 5th Terrace,Haninge,Sweden,136 49
3545 Arizona Avenue,Novaya Chigla,Russia,397473
7788 Starling Trail,Lafiagi,Nigeria,
13 South Point,Sanchahe,China,
4 Red Cloud Way,Pohrebyshche,Ukraine,
264 Division Plaza,Guanchao,China,
88056 4th Street,Rueil-Malmaison,France,92855 CEDEX
696 Holmberg Junction,Daeosin Satu,Indonesia,
9860 Loftsgordon Park,Singosari,Indonesia,
03561 Ohio Point,Líbeznice,Czech Republic,250 65
4656 Old Gate Circle,Vũ Thư,Vietnam,
35 Caliangt Way,Kusŏng,North Korea,
474 Twin Pines Terrace,Vrangel’,Russia,692943
9053 Pine View Court,Sagaing,Myanmar,
175 Springview Avenue,Chambas,Cuba,
35858 Shopko Park,Chicago,United States,60609
5 Macpherson Center,Taokeng,China,
5 Fisk Circle,Itō,Japan,414-0055
4111 Schiller Road,Dacheng,China,
48978 Crescent Oaks Drive,Bangrat,Indonesia,
21 Hagan Crossing,Athens,Greece,
5599 Barby Park,Gubkinskiy,Russia,427275
79 Lyons Circle,Bremen,Germany,28239
83779 Hoffman Center,Phaya Thai,Thailand,10400
39 Bellgrove Point,Huatanshan,China,
2869 Express Junction,Qijiawan,China,
43 Independence Street,Ko Pha Ngan,Thailand,22110
0438 Corry Lane,Watuweri,Indonesia,
52 Gulseth Center,Liulin,China,
30122 Hayes Junction,Ngembel,Indonesia,
557 High Crossing Parkway,Jifnā,Palestinian Territory,
63580 Hayes Terrace,Haarlem,Netherlands,2014
788 Hermina Terrace,Paris 05,France,75240 CEDEX 05
8801 Bay Parkway,Oviedo,Dominican Republic,11807
9 Ryan Plaza,Quatro Barras,Brazil,83420-000
77765 Calypso Pass,Eg-Uur,Mongolia,
55968 Ilene Road,Jiufeng,China,
4 Kim Way,Alcanhões,Portugal,2000-355
2218 Cody Plaza,Sedlarevo,Macedonia,1231
7 Golden Leaf Street,Volksrust,South Africa,2491
230 Sage Pass,Frösön,Sweden,832 93
497 Gateway Center,Hatavch,Mongolia,
45 Anniversary Parkway,Gurung,Indonesia,
0 Autumn Leaf Circle,Denton,United States,76205
880 Division Junction,Kota Kinabalu,Malaysia,88827
3675 Esch Hill,Cabañas,Guatemala,19018
68541 Melby Place,Amorim,Portugal,4495-103
71 Prairie Rose Junction,Gur’yevsk,Russia,636700
925 Granby Plaza,Konary,Poland,63-910
49 Stang Street,Gravelbourg,Canada,G8V
49 Oriole Court,Goodlands,Mauritius,
1829 Loeprich Terrace,Eshowe,South Africa,3850
8728 Elgar Junction,Albanel,Canada,G8M
88370 Longview Hill,Malaruhatan,Philippines,4216
9015 Springs Drive,Chocope,Peru,
